bricqer_item_id,bricklink_id,name,condition_notes,bricqer_price,ebay_avg_sold_price,ebay_min_sold_price,ebay_max_sold_price,ebay_sold_count,ebay_active_count,ebay_sell_through_rate,ebay_avg_shipping,ebay_research_date,meets_threshold,recommended_price,best_offer_auto_accept,best_offer_auto_decline,ebay_sku,ebay_listing_id,ebay_listing_url,listing_status,ebay_title,created_at,updated_at
17466,adv001,Achu,,40,,,,,,,,,true,41,38.95,30.75,,,,NOT_LISTED,,2026-02-20T15:23:16.000011+00:00,2026-02-20T16:13:38.177+00:00
17884,njo0292,Acronix,,54,,,,,,,,,true,55,52.25,41.25,,,,NOT_LISTED,,2026-02-20T15:22:25.377879+00:00,2026-02-20T16:12:25.649+00:00
25608,jw033,"ACU Guard - Male, Black Knit Cap, Medium Nougat Head",,3.55,,,,,,,,,false,,,,,,,NOT_LISTED,,2026-02-20T14:58:16.911271+00:00,2026-02-20T16:13:16.842+00:00
25584,jw032,"ACU Guard - Male, Dark Blue Cap, Light Nougat Head, Black Bandana",,3.42,,,,,,,,,false,,,,,,,NOT_LISTED,,2026-02-20T14:58:12.108691+00:00,2026-02-20T16:12:51.42+00:00
16510,sw0719,Admiral Ackbar (Medium Nougat Robe),,11.69,,,,,,,,,true,12.69,12.06,9.52,,,,NOT_LISTED,,2026-02-20T14:58:25.432908+00:00,2026-02-20T16:13:31.343+00:00
11665,sw1096,Ahsoka Tano (Adult) - Dark Blue Jumpsuit,,5.32,,,,,,,,,true,6.32,6,4.74,,,,NOT_LISTED,,2026-02-20T14:57:53.549702+00:00,2026-02-20T16:11:05.807+00:00
17193,hp008,Albus Dumbledore - Yellow Version,,4.49,,,,,,,,,true,5.63,5.35,4.22,,,,NOT_LISTED,,2026-02-20T15:23:15.024677+00:00,2026-02-20T16:13:29.149+00:00
3826,sw0008,Anakin Skywalker (Light Gray Aviator Cap),,3.37,,,,,,,,,false,,,,,,,NOT_LISTED,,2026-02-20T14:58:25.97738+00:00,2026-02-20T16:13:11.34+00:00
22040,sw0963,Antoc Merrick,,4.17,,,,,,,,,false,,,,,,,NOT_LISTED,,2026-02-20T14:58:05.015561+00:00,2026-02-20T16:12:40.602+00:00
12776,hp140,"Argus Filch - Bald on Top, Dark Bluish Gray Jacket",,3.17,,,,,,,,,false,,,,,,,NOT_LISTED,,2026-02-20T14:57:57.734351+00:00,2026-02-20T16:12:31.866+00:00
7397,hp089,"Arthur Weasley - Sand Green Open Jacket, Light Bluish Gray Legs",,3.8,,,,,,,,,true,4.8,4.56,3.6,,,,NOT_LISTED,,2026-02-20T14:57:57.328508+00:00,2026-02-20T16:12:03.107+00:00
9528,sw0598,"Astromech Droid, Christmas",,6.25,,,,,,,,,true,7.25,6.89,5.44,,,,NOT_LISTED,,2026-02-20T15:22:27.246958+00:00,2026-02-20T16:11:26.118+00:00
6908,sw0255,"Astromech Droid, R2-D2, Clone Wars",,6.43,,,,,,,,,true,7.43,7.06,5.57,,,,NOT_LISTED,,2026-02-20T14:57:49.825758+00:00,2026-02-20T16:11:00.178+00:00
11073,sw0908,"Astromech Droid, R2-D2, Dirt Stains on Front",,3.8,,,,,,,,,false,,,,,,,NOT_LISTED,,2026-02-20T15:22:31.547259+00:00,2026-02-20T16:11:48.181+00:00
23963,sw0679,"Astromech Droid, R2-D2, Reindeer",,3.74,,,,,,,,,false,,,,,,,NOT_LISTED,,2026-02-20T15:23:40.623047+00:00,2026-02-20T16:13:34.715+00:00
11189,sw0943,"Astromech Droid, R2-Q2 (Large Red Dots)",,8.99,,,,,,,,,true,9.99,9.49,7.49,,,,NOT_LISTED,,2026-02-20T15:22:31.828381+00:00,2026-02-20T16:13:06.986+00:00
8331,sw0370,"Astromech Droid, R5-F7",,4.77,,,,,,,,,true,5.77,5.48,4.33,,,,NOT_LISTED,,2026-02-20T14:57:59.214589+00:00,2026-02-20T16:11:31.181+00:00
5376,spd024,"Aunt May, Dark Tan Blouse, Dark Tan Legs, Light Bluish Gray Ponytail Hair",,4,,,,,,,,,true,5,4.75,3.75,,,,NOT_LISTED,,2026-02-20T14:57:55.445589+00:00,2026-02-20T16:11:10.029+00:00
11233,njo0446,"Baby - White Body with Yellow Hands, Head with Neck",,3.2,,,,,,,,,false,,,,,,,NOT_LISTED,,2026-02-20T15:22:53.977701+00:00,2026-02-20T16:13:08.208+00:00
11232,njo0446,"Baby - White Body with Yellow Hands, Head with Neck",,3.2,,,,,,,,,false,,,,,,,NOT_LISTED,,2026-02-20T15:22:48.277294+00:00,2026-02-20T16:11:16.335+00:00
13900,col339,Baby / Infant - with Stud Holder on Back with Smiling Face and Small Eyes Pattern (6131197),,3.72,,,,,,,,,false,,,,,,,NOT_LISTED,,2026-02-20T15:22:22.443327+00:00,2026-02-20T16:11:54.914+00:00
3833,ww010,Bandit 3 (Dewey Cheatum),,5.61,,,,,,,,,true,6.61,6.28,4.96,,,,NOT_LISTED,,2026-02-20T14:57:58.806208+00:00,2026-02-20T16:12:22.385+00:00
3832,ww010,Bandit 3 (Dewey Cheatum),,5.61,,,,,,,,,true,6.61,6.28,4.96,,,,NOT_LISTED,,2026-02-20T14:57:58.681329+00:00,2026-02-20T16:12:12.642+00:00
3840,ww020,Banker,,10.94,,,,,,,,,true,11.94,11.34,8.96,,,,NOT_LISTED,,2026-02-20T15:23:02.928166+00:00,2026-02-20T16:13:08.861+00:00
3841,ww020,Banker,,10.94,,,,,,,,,true,11.94,11.34,8.96,,,,NOT_LISTED,,2026-02-20T14:58:01.603985+00:00,2026-02-20T16:12:23.425+00:00
5042,adv039,Baron Von Barron with Pith Helmet and White Epaulettes,,4.61,,,,,,,,,false,,,,,,,NOT_LISTED,,2026-02-20T15:22:21.456672+00:00,2026-02-20T16:11:34.737+00:00
25073,sim026,Bart Simpson,,4.31,,,,,,,,,false,,,,,,,NOT_LISTED,,2026-02-20T14:58:16.365026+00:00,2026-02-20T16:13:00.644+00:00
9976,sh0204,"Batman - Dark Bluish Gray Suit, Gold Belt, Black Hands, Spongy Cape, Black Boots",,4.11,,,,,,,,,false,,,,,,,NOT_LISTED,,2026-02-20T14:57:52.345866+00:00,2026-02-20T16:11:02.202+00:00
23874,sh0053,Beetle,,5.7,,,,,,,,,true,6.7,6.37,5.03,,,,NOT_LISTED,,2026-02-20T15:23:39.25477+00:00,2026-02-20T16:13:20.822+00:00
5052,belvfairy02,Belville Fairy - Medium Green with Stars Pattern (Millimy),,3.81,,,,,,,,,false,,,,,,,NOT_LISTED,,2026-02-20T15:23:05.177745+00:00,2026-02-20T16:11:58.328+00:00
5073,belvfemale27,Belville Female - Cherrie Blossom Pink Sleeveless Top,,4.61,,,,,,,,,false,,,,,,,NOT_LISTED,,2026-02-20T15:22:18.751317+00:00,2026-02-20T16:11:20.99+00:00
7044,belvfemale44a,"Belville Female - Laura - White/Blue Swimsuit with Blue Stripes, Long Light Yellow Hair, Life Jacket",,7.7,,,,,,,,,false,,,,,,,NOT_LISTED,,2026-02-20T15:22:18.914239+00:00,2026-02-20T16:11:34.161+00:00
20330,belvfemale20,"Belville Female - White Swimsuit with Dark Pink Bows Pattern, Light Yellow Hair",,3.3,,,,,,,,,false,,,,,,,NOT_LISTED,,2026-02-20T15:22:19.825542+00:00,2026-02-20T16:11:54.348+00:00
13028,belvfemale26,"Belville Female - White Top with Green Leafy Collar Pattern, Light Yellow Hair",,3.15,,,,,,,,,false,,,,,,,NOT_LISTED,,2026-02-20T15:22:19.05432+00:00,2026-02-20T16:11:41.659+00:00
3827,sw0009,Biggs Darklighter,,8.2,,,,,,,,,true,9.2,8.74,6.9,,,,NOT_LISTED,,2026-02-20T14:57:56.100779+00:00,2026-02-20T16:11:12.89+00:00
6467,bio016,Bionicle Mini - Barraki Kalmah,,3.38,,,,,,,,,false,,,,,,,NOT_LISTED,,2026-02-20T14:57:47.929172+00:00,2026-02-20T16:44:17.124+00:00
6466,bio013,Bionicle Mini - Barraki Takadox with Horns,,3.22,,,,,,,,,false,,,,,,,NOT_LISTED,,2026-02-20T14:57:47.800282+00:00,2026-02-20T16:44:00.106+00:00
6468,bio018,Bionicle Mini - Toa Mahri Hewkii,,3.38,,,,,,,,,false,,,,,,,NOT_LISTED,,2026-02-20T14:57:48.063344+00:00,2026-02-20T16:44:34.712+00:00
9449,sw0554,Bith Musician,,6.7,,,,,,,,,true,7.7,7.32,5.78,,,,NOT_LISTED,,2026-02-20T15:22:30.976839+00:00,2026-02-20T16:11:14.564+00:00
23855,sw0554,Bith Musician,,6.7,,,,,,,,,true,7.7,7.32,5.78,,,,NOT_LISTED,,2026-02-20T15:23:38.38912+00:00,2026-02-20T16:13:42.094+00:00
24918,sh0349,Bizarro - Short Legs,,4,,,,,,,,,false,,,,,,,NOT_LISTED,,2026-02-20T14:58:14.461399+00:00,2026-02-20T16:13:00.039+00:00
15348,cas098,"Black Falcon - Black Legs with Red Hips, Black Chin-Guard",,4.22,,,,,,,,,false,,,,,,,NOT_LISTED,,2026-02-20T15:22:59.641888+00:00,2026-02-20T16:12:30.79+00:00
22076,cas254,"Black Falcon - Black Legs, Black Chin-Guard, Shield Bottom Pointed, Quiver",,3.94,,,,,,,,,true,5.45,5.18,4.09,,,,NOT_LISTED,,2026-02-20T14:58:05.532018+00:00,2026-02-20T16:12:05.666+00:00
3982,cas204,Blacksmith II,,4.25,,,,,,,,,true,5.86,5.57,4.4,,,,NOT_LISTED,,2026-02-20T15:22:30.594211+00:00,2026-02-20T16:13:06.383+00:00
13058,sp002,Blacktron 2,,3.34,,,,,,,,,false,,,,,,,NOT_LISTED,,2026-02-20T14:58:01.310594+00:00,2026-02-20T16:12:04.983+00:00
22086,sp051,Blacktron 2 with Jet Pack and Trans-Neon Green Lights,,4.28,,,,,,,,,true,5.28,5.02,3.96,,,,NOT_LISTED,,2026-02-20T14:58:06.21142+00:00,2026-02-20T16:11:32.916+00:00
23869,sw0431,Boba Fett - Balaclava Head,,7,,,,,,,,,true,8.25,7.84,6.19,,,,NOT_LISTED,,2026-02-20T15:23:38.840495+00:00,2026-02-20T16:13:29.671+00:00
9127,sw0514,"Boba Fett, Young - Light Nougat Head",,3.24,,,,,,,,,true,4.26,4.05,3.2,,,,NOT_LISTED,,2026-02-20T14:57:59.652493+00:00,2026-02-20T16:11:51.83+00:00
11641,twt014,Branch,,4.04,,,,,,,,,false,,,,,,,NOT_LISTED,,2026-02-20T15:22:55.501509+00:00,2026-02-20T16:11:37.135+00:00
25722,tgb001,"Brawny Boxer, Team GB (Minifigure Only without Stand and Accessories)",,6.08,,,,,,,,,true,7.72,7.33,5.79,,,,NOT_LISTED,,2026-02-20T14:58:14.31612+00:00,2026-02-20T16:12:58.75+00:00
16495,cas199,"Breastplate - Red with Blue Arms, Blue Legs with Black Hips, Dark Gray Neck-Protector",,3.97,,,,,,,,,false,,,,,,,NOT_LISTED,,2026-02-20T15:23:13.063308+00:00,2026-02-20T16:13:19.042+00:00
7017,toy004,Buzz Lightyear,,6.41,,,,,,,,,true,7.41,7.04,5.56,,,,NOT_LISTED,,2026-02-20T15:22:30.725036+00:00,2026-02-20T16:12:17.754+00:00
10037,sw0653,C-3PO - Dark Red Arm,,5.18,,,,,,,,,true,6.18,5.87,4.64,,,,NOT_LISTED,,2026-02-20T15:22:27.37188+00:00,2026-02-20T16:11:43.396+00:00
23880,pi055,"Captain Red Beard - Brown Epaulettes, Pirate Hat with Skull and Crossbones",,8.84,,,,,,,,,true,9.84,9.35,7.38,,,,NOT_LISTED,,2026-02-20T15:23:39.523675+00:00,2026-02-20T16:13:39.325+00:00
13053,pi002,Captain Red Beard - Plain Pirate Hat,,5.46,,,,,,,,,true,6.46,6.14,4.85,,,,NOT_LISTED,,2026-02-20T14:57:57.883013+00:00,2026-02-20T16:11:18.032+00:00
3831,ww003,"Cavalry Colonel - Cowboy Hat, White Bandana (Colt Carson)",,9.9,,,,,,,,,true,10.9,10.36,8.18,,,,NOT_LISTED,,2026-02-20T14:57:58.513812+00:00,2026-02-20T16:12:03.716+00:00
3830,ww003,"Cavalry Colonel - Cowboy Hat, White Bandana (Colt Carson)",,9.9,,,,,,,,,true,10.9,10.36,8.18,,,,NOT_LISTED,,2026-02-20T14:57:54.801128+00:00,2026-02-20T16:11:07.077+00:00
14583,ww001,Cavalry General,,5,,,,,,,,,true,6.26,5.95,4.7,,,,NOT_LISTED,,2026-02-20T14:57:55.831884+00:00,2026-02-20T16:11:11.748+00:00
11026,sh0460,Cheetah,,6.18,,,,,,,,,true,7.18,6.82,5.39,,,,NOT_LISTED,,2026-02-20T15:22:31.409401+00:00,2026-02-20T16:12:37.935+00:00
17823,njo0238,Clancee - Shoulder Armor,,4.81,,,,,,,,,false,,,,,,,NOT_LISTED,,2026-02-20T15:22:24.912905+00:00,2026-02-20T16:12:07.76+00:00
3809,sp003,Classic Space - Black with Air Tanks,,19.99,,,,,,,,,true,21.9,20.8,16.42,,,,NOT_LISTED,,2026-02-20T15:22:50.042868+00:00,2026-02-20T16:12:01.178+00:00
15421,sp004,Classic Space - Blue with Air Tanks,,6.48,,,,,,,,,true,7.48,7.11,5.61,,,,NOT_LISTED,,2026-02-20T15:23:01.754569+00:00,2026-02-20T16:11:37.734+00:00
13034,sp005,Classic Space - Red with Air Tanks,,4.04,,,,,,,,,true,5.04,4.79,3.78,,,,NOT_LISTED,,2026-02-20T15:23:01.622051+00:00,2026-02-20T16:11:35.968+00:00
3810,sp007,Classic Space - Yellow with Air Tanks,,5.12,,,,,,,,,true,6.12,5.81,4.59,,,,NOT_LISTED,,2026-02-20T15:22:59.829617+00:00,2026-02-20T16:11:57.228+00:00
3811,sp007,Classic Space - Yellow with Air Tanks,,4.24,,,,,,,,,true,5.24,4.98,3.93,,,,NOT_LISTED,,2026-02-20T15:23:01.03881+00:00,2026-02-20T16:12:20.731+00:00
7564,sw0299,Clone Bomb Squad Trooper (Phase 1) - Large Eyes,,3.57,,,,,,,,,true,4.57,4.34,3.43,,,,NOT_LISTED,,2026-02-20T15:23:06.80984+00:00,2026-02-20T16:12:21.295+00:00
13171,sw1002,"Clone Scout Trooper, 41st Elite Corps (Phase 2) - Kashyyyk Camouflage, Dark Tan Markings on Legs, Scowl",,13.12,,,,,,,,,true,14.12,13.41,10.59,,,,NOT_LISTED,,2026-02-20T14:58:23.959364+00:00,2026-02-20T16:13:30.777+00:00
13206,sw1002,"Clone Scout Trooper, 41st Elite Corps (Phase 2) - Kashyyyk Camouflage, Dark Tan Markings on Legs, Scowl",,13.12,,,,,,,,,true,14.12,13.41,10.59,,,,NOT_LISTED,,2026-02-20T14:57:48.730752+00:00,2026-02-20T16:45:07.759+00:00
11096,sw0910,"Clone Trooper (Phase 1) - Printed Legs, Scowl",,5.08,,,,,,,,,true,6.08,5.78,4.56,,,,NOT_LISTED,,2026-02-20T14:58:25.149559+00:00,2026-02-20T16:13:45.02+00:00
8718,sw0442,Clone Trooper (Phase 1) - Scowl,,5.33,,,,,,,,,true,6.33,6.01,4.75,,,,NOT_LISTED,,2026-02-20T14:58:00.749883+00:00,2026-02-20T16:11:31.749+00:00
13752,sw0445,"Clone Trooper, 501st Legion (Phase 2) - Blue Arms, Large Eyes",,4.43,,,,,,,,,true,6.1,5.79,4.57,,,,NOT_LISTED,,2026-02-20T15:22:24.50135+00:00,2026-02-20T16:11:42.248+00:00
16498,njo0322,"Cole - The LEGO Ninjago Movie, Arms with Cuffs",,3.32,,,,,,,,,false,,,,,,,NOT_LISTED,,2026-02-20T14:58:27.370358+00:00,2026-02-20T16:13:18.499+00:00
25704,col177,"Constable, Series 11 (Minifigure Only without Stand and Accessories)",,3.61,,,,,,,,,false,,,,,,,NOT_LISTED,,2026-02-20T14:58:13.637887+00:00,2026-02-20T16:12:55.705+00:00
9112,col177,"Constable, Series 11 (Minifigure Only without Stand and Accessories)",,3.61,,,,,,,,,false,,,,,,,NOT_LISTED,,2026-02-20T14:58:00.878689+00:00,2026-02-20T16:12:02.465+00:00
9113,col177,"Constable, Series 11 (Minifigure Only without Stand and Accessories)",,3.61,,,,,,,,,false,,,,,,,NOT_LISTED,,2026-02-20T14:58:01.012606+00:00,2026-02-20T16:11:40.512+00:00
17194,sw0060,Count Dooku,,13.29,,,,,,,,,true,17.68,16.8,13.26,,,,NOT_LISTED,,2026-02-20T15:23:15.150755+00:00,2026-02-20T16:13:13.215+00:00
10920,min052,"Creeper, Charged Creeper",,6.62,,,,,,,,,true,8.51,8.08,6.38,,,,NOT_LISTED,,2026-02-20T15:22:36.196919+00:00,2026-02-20T16:11:49.52+00:00
10662,sw0808,"Darth Maul, without Cape",,4.11,,,,,,,,,true,5.42,5.15,4.06,,,,NOT_LISTED,,2026-02-20T14:57:53.424885+00:00,2026-02-20T16:11:05.214+00:00
7097,sw0277,Darth Vader (White Pupils),,6.54,,,,,,,,,true,7.54,7.16,5.66,,,,NOT_LISTED,,2026-02-20T14:57:53.159123+00:00,2026-02-20T16:11:04.059+00:00
11503,hp198,Death Eater - Wizard Hat,,5.1,,,,,,,,,true,6.1,5.79,4.57,,,,NOT_LISTED,,2026-02-20T15:22:31.956356+00:00,2026-02-20T16:12:18.451+00:00
15170,col015,"Deep Sea Diver, Series 1 (Minifigure Only without Stand and Accessories)",,4.05,,,,,,,,,true,5.05,4.8,3.79,,,,NOT_LISTED,,2026-02-20T15:22:45.082668+00:00,2026-02-20T16:12:29.635+00:00
11227,hp155,Dementor - Black with Black Cape,,4.14,,,,,,,,,false,,,,,,,NOT_LISTED,,2026-02-20T15:22:54.922758+00:00,2026-02-20T16:11:16.881+00:00
7200,col008,"Demolition Dummy, Series 1 (Minifigure Only without Stand and Accessories)",,4.5,,,,,,,,,true,5.5,5.23,4.13,,,,NOT_LISTED,,2026-02-20T15:22:44.678721+00:00,2026-02-20T16:12:00.014+00:00
3835,ww012,Deputy (Zack),,3,,,,,,,,,false,,,,,,,NOT_LISTED,,2026-02-20T14:57:55.050821+00:00,2026-02-20T16:11:08.302+00:00
3834,ww012,Deputy (Zack),,4.01,,,,,,,,,false,,,,,,,NOT_LISTED,,2026-02-20T14:57:54.927697+00:00,2026-02-20T16:11:07.722+00:00
25714,coltlbm42,"Doctor Phosphorus, The LEGO Batman Movie, Series 2 (Minifigure Only without Stand and Accessories)",,5.1,,,,,,,,,true,7.04,6.69,5.28,,,,NOT_LISTED,,2026-02-20T14:58:13.899669+00:00,2026-02-20T16:12:56.909+00:00
24891,coltlbm42,"Doctor Phosphorus, The LEGO Batman Movie, Series 2 (Minifigure Only without Stand and Accessories)",,5.1,,,,,,,,,true,7.04,6.69,5.28,,,,NOT_LISTED,,2026-02-20T14:58:08.48244+00:00,2026-02-20T16:11:20.429+00:00
17887,njo0204,Dogshank,,16.5,,,,,,,,,true,17.5,16.63,13.13,,,,NOT_LISTED,,2026-02-20T15:22:32.92829+00:00,2026-02-20T16:12:10.94+00:00
23845,sh0052,Dr. Doom,,58.44,,,,,,,,,true,59.44,56.47,44.58,,,,NOT_LISTED,,2026-02-20T15:23:37.445896+00:00,2026-02-20T16:13:33.594+00:00
11145,jw028,"Dr. Ellie Sattler - Bright Pink Shirt, Hair over Shoulder",,3.56,,,,,,,,,false,,,,,,,NOT_LISTED,,2026-02-20T14:58:25.812319+00:00,2026-02-20T16:13:03.094+00:00
25721,agt013a,Dr. Inferno (Metallic Silver Claw),,4,,,,,,,,,true,5.52,5.24,4.14,,,,NOT_LISTED,,2026-02-20T14:58:14.189903+00:00,2026-02-20T16:12:58.099+00:00
3791,cas013,"Dragon Knights - Knight 1, Light Gray Legs with Black Hips, Black Neck-Protector",,3.14,,,,,,,,,false,,,,,,,NOT_LISTED,,2026-02-20T15:22:40.751414+00:00,2026-02-20T16:11:28.928+00:00
22080,cas013,"Dragon Knights - Knight 1, Light Gray Legs with Black Hips, Black Neck-Protector",,3.14,,,,,,,,,false,,,,,,,NOT_LISTED,,2026-02-20T14:58:05.807287+00:00,2026-02-20T16:12:24.549+00:00
3792,cas015,"Dragon Knights - Knight 2, Black Legs with Red Hips, Black Dragon Helmet, Blue Plumes",,7.65,,,,,,,,,true,8.65,8.22,6.49,,,,NOT_LISTED,,2026-02-20T15:22:39.397858+00:00,2026-02-20T16:12:39.268+00:00
22085,cas018,"Dragon Knights - Knight 2, Black Legs with Red Hips, Black Dragon Helmet, Yellow Plumes",,12.16,,,,,,,,,true,13.16,12.5,9.87,,,,NOT_LISTED,,2026-02-20T14:58:06.086737+00:00,2026-02-20T16:11:19.84+00:00
11093,sh0508,Ebony Maw - Light Aqua Head,,3.89,,,,,,,,,true,4.89,4.65,3.67,,,,NOT_LISTED,,2026-02-20T14:58:26.251719+00:00,2026-02-20T16:13:23.246+00:00
9366,sh0105,"Electro - Medium Blue Outfit, Trans-Medium Blue Head",,3.84,,,,,,,,,true,4.84,4.6,3.63,,,,NOT_LISTED,,2026-02-20T14:58:24.639656+00:00,2026-02-20T16:13:02.444+00:00
22035,dp034,"Elsa - Medium Blue Long Narrow Cape, Lavender Sleeves",,5.99,,,,,,,,,true,6.99,6.64,5.24,,,,NOT_LISTED,,2026-02-20T14:58:04.303136+00:00,2026-02-20T16:12:33.466+00:00
16503,sh0477,Erik Killmonger (Golden Jaguar),,3.94,,,,,,,,,true,4.94,4.69,3.71,,,,NOT_LISTED,,2026-02-20T14:58:26.387171+00:00,2026-02-20T16:13:45.602+00:00
23823,sw0508,Ewok Warrior,,6.61,,,,,,,,,true,7.61,7.23,5.71,,,,NOT_LISTED,,2026-02-20T15:23:36.760557+00:00,2026-02-20T16:13:25.785+00:00
17160,sp010a,Exploriens Droid - Trans-Neon Green Light,,7.88,,,,,,,,,true,9.67,9.19,7.25,,,,NOT_LISTED,,2026-02-20T15:23:14.868888+00:00,2026-02-20T16:13:23.835+00:00
11542,sp010a,Exploriens Droid - Trans-Neon Green Light,,7.88,,,,,,,,,true,9.67,9.19,7.25,,,,NOT_LISTED,,2026-02-20T15:23:02.364137+00:00,2026-02-20T16:11:57.786+00:00
22014,fab4d,"Fabuland Bird - Charlie / Joe Crow, Black Head, Red Pilot Helmet, Black Eyes",,5,,,,,,,,,true,9.62,9.14,7.22,,,,NOT_LISTED,,2026-02-20T14:58:02.685906+00:00,2026-02-20T16:12:39.953+00:00
22013,fab5c,"Fabuland Elephant - Edward Elephant, Light Gray Legs, Red Top and Arms, Blue Braces",,3,,,,,,,,,false,,,,,,,NOT_LISTED,,2026-02-20T14:58:02.558169+00:00,2026-02-20T16:11:32.36+00:00
25690,cas368,Fantasy Era - Troll Warrior 3,,4,,,,,,,,,true,5.71,5.42,4.28,,,,NOT_LISTED,,2026-02-20T14:58:12.95436+00:00,2026-02-20T16:12:52.616+00:00
25696,cas399,Fantasy Era - Troll Warrior 7,,9.23,,,,,,,,,true,10.23,9.72,7.67,,,,NOT_LISTED,,2026-02-20T14:58:13.102222+00:00,2026-02-20T16:12:53.264+00:00
10071,sw0665,First Order Officer (Lieutenant / Captain) - Female,,3.11,,,,,,,,,false,,,,,,,NOT_LISTED,,2026-02-20T14:58:23.268896+00:00,2026-02-20T16:13:21.987+00:00
11005,sw0886,First Order Stormtrooper Executioner,,3.67,,,,,,,,,false,,,,,,,NOT_LISTED,,2026-02-20T15:22:24.372349+00:00,2026-02-20T16:11:35.378+00:00
7449,pha005,Flying Mummy,,3.84,,,,,,,,,false,,,,,,,NOT_LISTED,,2026-02-20T14:57:55.572406+00:00,2026-02-20T16:11:10.596+00:00
10222,col233,"Flying Warrior, Series 15 (Minifigure Only without Stand and Accessories)",,3.03,,,,,,,,,true,4.49,4.27,3.37,,,,NOT_LISTED,,2026-02-20T15:22:28.281499+00:00,2026-02-20T16:11:23.263+00:00
16678,col117,"Football Player, Series 8 (Minifigure Only without Stand and Accessories)",,3.04,,,,,,,,,true,5.52,5.24,4.14,,,,NOT_LISTED,,2026-02-20T14:57:46.543601+00:00,2026-02-20T16:45:25.38+00:00
11512,col355,"Fox Costume Girl, Series 19 (Minifigure Only without Stand and Accessories)",,5.07,,,,,,,,,true,6.07,5.77,4.55,,,,NOT_LISTED,,2026-02-20T15:22:29.815472+00:00,2026-02-20T16:11:44.492+00:00
4144,cas022a,Fright Knights - Bat Lord,,3.33,,,,,,,,,false,,,,,,,NOT_LISTED,,2026-02-20T14:57:57.070923+00:00,2026-02-20T16:11:38.825+00:00
10223,col230,"Frightening Knight, Series 15 (Minifigure Only without Stand and Accessories)",,11.74,,,,,,,,,true,15.11,14.35,11.33,,,,NOT_LISTED,,2026-02-20T14:58:22.583439+00:00,2026-02-20T16:13:01.812+00:00
3816,sp016,Futuron - Yellow,,4.55,,,,,,,,,false,,,,,,,NOT_LISTED,,2026-02-20T15:22:59.983701+00:00,2026-02-20T16:12:01.81+00:00
17826,dim001,"Gandalf the Grey - Wizard / Witch Hat, Long Cheek Lines",,3.14,,,,,,,,,false,,,,,,,NOT_LISTED,,2026-02-20T15:23:22.992703+00:00,2026-02-20T16:13:41.561+00:00
8508,lor001,"Gandalf the Grey - Wizard / Witch Hat, Short Cheek Lines",,4.85,,,,,,,,,true,5.85,5.56,4.39,,,,NOT_LISTED,,2026-02-20T15:22:29.391363+00:00,2026-02-20T16:12:27.364+00:00
16504,nex081,Gargoyle - Dark Purple Wings with Trans-Light Blue Membranes,,17.63,,,,,,,,,true,18.63,17.7,13.97,,,,NOT_LISTED,,2026-02-20T14:58:26.796749+00:00,2026-02-20T16:13:37.545+00:00
15931,njo0778,Garmadon (Oni),,7.54,,,,,,,,,true,8.54,8.11,6.4,,,,NOT_LISTED,,2026-02-20T15:22:24.636855+00:00,2026-02-20T16:12:35.091+00:00
10204,sw0718,General Leia,,4.98,,,,,,,,,true,5.98,5.68,4.49,,,,NOT_LISTED,,2026-02-20T14:58:25.020191+00:00,2026-02-20T16:13:22.55+00:00
3848,gen002,Ghost with 1 x 2 Plate and 1 x 2 Brick as Legs,,11.41,,,,,,,,,true,12.41,11.79,9.31,,,,NOT_LISTED,,2026-02-20T15:22:29.092821+00:00,2026-02-20T16:13:05.707+00:00
12144,coldnd02,"Gith Warlock, Dungeons & Dragons (Minifigure Only without Stand and Accessories)",,3.02,,,,,,,,,false,,,,,,,NOT_LISTED,,2026-02-20T15:22:32.252333+00:00,2026-02-20T16:11:15.16+00:00
25703,col066,"Gladiator, Series 5 (Minifigure Only without Stand and Accessories)",,5.18,,,,,,,,,true,6.18,5.87,4.64,,,,NOT_LISTED,,2026-02-20T14:58:13.515739+00:00,2026-02-20T16:12:55.071+00:00
23846,elf028,"Goblin, Beiblin (6178680)",,3.4,,,,,,,,,false,,,,,,,NOT_LISTED,,2026-02-20T15:23:37.574282+00:00,2026-02-20T16:13:20.248+00:00
8652,lor031,Gollum - Narrow Eyes,,8.47,,,,,,,,,true,9.47,9,7.1,,,,NOT_LISTED,,2026-02-20T15:22:29.54186+00:00,2026-02-20T16:11:13.993+00:00
12267,col048,"Gorilla Suit Guy, Series 3 (Minifigure Only without Stand and Accessories)",,4.82,,,,,,,,,true,7.15,6.79,5.36,,,,NOT_LISTED,,2026-02-20T15:22:46.93978+00:00,2026-02-20T16:12:00.596+00:00
8422,col112,"Grandma Visitor, Series 7 (Minifigure Only without Stand and Accessories)",,3.76,,,,,,,,,false,,,,,,,NOT_LISTED,,2026-02-20T15:22:25.99457+00:00,2026-02-20T16:12:35.671+00:00
25570,sw0898,Greedo (with Belt on Torso),,6,,,,,,,,,true,8.87,8.43,6.65,,,,NOT_LISTED,,2026-02-20T14:58:11.590312+00:00,2026-02-20T16:12:49.293+00:00
17885,njo0116,Griffin Turner,,16,,,,,,,,,true,18.27,17.36,13.7,,,,NOT_LISTED,,2026-02-20T15:22:25.567264+00:00,2026-02-20T16:11:22.08+00:00
25561,sw0771,"Han Solo, Dark Blue Legs, Vest with Pockets, Wavy Hair",,3.73,,,,,,,,,false,,,,,,,NOT_LISTED,,2026-02-20T14:58:11.272887+00:00,2026-02-20T16:12:47.86+00:00
18312,sh0024,Harley Quinn - Black and Red Hands,,5.7,,,,,,,,,true,6.7,6.37,5.03,,,,NOT_LISTED,,2026-02-20T15:23:25.290839+00:00,2026-02-20T16:13:46.163+00:00
3817,sp018,Ice Planet - Male,,3.99,,,,,,,,,false,,,,,,,NOT_LISTED,,2026-02-20T15:22:40.326685+00:00,2026-02-20T16:12:19.029+00:00
10566,col244,"Ice Queen, Series 16 (Minifigure Only without Stand and Accessories)",,4.49,,,,,,,,,true,5.49,5.22,4.12,,,,NOT_LISTED,,2026-02-20T15:22:28.403972+00:00,2026-02-20T16:11:26.686+00:00
25554,sw0914,"Imperial Patrol Trooper - Male, Light Nougat Head, Scowl",,5.33,,,,,,,,,true,6.33,6.01,4.75,,,,NOT_LISTED,,2026-02-20T14:58:10.713087+00:00,2026-02-20T16:12:45.145+00:00
25562,sw0913,Imperial Recruitment Officer (Chief / Navy Captain),,6.77,,,,,,,,,true,7.77,7.38,5.83,,,,NOT_LISTED,,2026-02-20T14:58:11.45254+00:00,2026-02-20T16:12:48.556+00:00
25585,sw1116,"Imperial Scout Trooper - Male, Dual Molded Helmet, Light Nougat Head, Cheek Lines",,4.47,,,,,,,,,true,5.47,5.2,4.1,,,,NOT_LISTED,,2026-02-20T14:58:12.397817+00:00,2026-02-20T16:12:52.003+00:00
9115,sw0505,Imperial Scout Trooper - Printed Black Head and Legs,,3.43,,,,,,,,,false,,,,,,,NOT_LISTED,,2026-02-20T14:57:55.706574+00:00,2026-02-20T16:11:11.184+00:00
9649,sw0603,Imperial Shadow Stormtrooper,,3.21,,,,,,,,,false,,,,,,,NOT_LISTED,,2026-02-20T15:22:24.227265+00:00,2026-02-20T16:11:21.533+00:00
3806,pi061,Imperial Soldier,,6.26,,,,,,,,,true,7.26,6.9,5.45,,,,NOT_LISTED,,2026-02-20T15:22:41.468885+00:00,2026-02-20T16:11:56.69+00:00
6173,sw0036b,"Imperial Stormtrooper - Black Head, Solid Mouth Helmet",,3.82,,,,,,,,,false,,,,,,,NOT_LISTED,,2026-02-20T15:22:26.729009+00:00,2026-02-20T16:13:04.465+00:00
11730,sw1137,"Imperial Stormtrooper - Male, Dual Molded Helmet with Light Bluish Gray Panels on Back, Light Nougat Head, Frown",,3.79,,,,,,,,,false,,,,,,,NOT_LISTED,,2026-02-20T14:57:53.679017+00:00,2026-02-20T16:11:38.285+00:00
9725,sw0617,"Imperial Stormtrooper - Printed Legs, Dark Azure Helmet Vents, Frown",,3.24,,,,,,,,,false,,,,,,,NOT_LISTED,,2026-02-20T14:58:24.897763+00:00,2026-02-20T16:13:17.391+00:00
9724,sw0617,"Imperial Stormtrooper - Printed Legs, Dark Azure Helmet Vents, Frown",,3.24,,,,,,,,,false,,,,,,,NOT_LISTED,,2026-02-20T15:22:26.133246+00:00,2026-02-20T16:11:56.125+00:00
23856,sw0585,"Imperial Stormtrooper - Printed Legs, Dark Blue Helmet Vents",,4.77,,,,,,,,,true,5.77,5.48,4.33,,,,NOT_LISTED,,2026-02-20T15:23:38.526733+00:00,2026-02-20T16:11:24.468+00:00
13158,sw0926,"Imperial TIE Fighter Pilot - Light Nougat Head, Scowl, White Insignia on Helmet",,7.88,,,,,,,,,true,8.88,8.44,6.66,,,,NOT_LISTED,,2026-02-20T14:58:26.524959+00:00,2026-02-20T16:13:28.571+00:00
11698,ww026,Indian 1,,6.55,,,,,,,,,true,7.55,7.17,5.66,,,,NOT_LISTED,,2026-02-20T14:57:57.572569+00:00,2026-02-20T16:12:21.831+00:00
3836,ww016,Indian 1 - Black Quiver,,6.5,,,,,,,,,true,7.5,7.13,5.63,,,,NOT_LISTED,,2026-02-20T14:57:56.224303+00:00,2026-02-20T16:11:13.453+00:00
5041,ww022,Indian 2,,5.85,,,,,,,,,true,7.78,7.39,5.84,,,,NOT_LISTED,,2026-02-20T14:58:00.17502+00:00,2026-02-20T16:12:32.924+00:00
3838,ww018,"Indian 4 - Female, Black Quiver",,11.9,,,,,,,,,true,12.9,12.26,9.68,,,,NOT_LISTED,,2026-02-20T14:57:56.349289+00:00,2026-02-20T16:11:17.454+00:00
3837,ww017,Indian Chief 1 (Big Chief Rattle Snake / Big Chief Rattlesnake),,4.79,,,,,,,,,true,6.65,6.32,4.99,,,,NOT_LISTED,,2026-02-20T14:57:58.970663+00:00,2026-02-20T16:12:32.394+00:00
3839,ww019,Indian Medicine Man,,6.57,,,,,,,,,true,7.57,7.19,5.68,,,,NOT_LISTED,,2026-02-20T14:57:56.484718+00:00,2026-02-20T16:11:30.068+00:00
23870,iaj001,"Indiana Jones - Dark Brown Jacket, Reddish Brown Fedora, Closed Mouth Lopsided Grin",,3.98,,,,,,,,,true,4.98,4.73,3.74,,,,NOT_LISTED,,2026-02-20T15:23:38.993837+00:00,2026-02-20T16:13:15.074+00:00
3818,sp032,Insectoids Droid (Gigabot),,6.5,,,,,,,,,true,7.5,7.13,5.63,,,,NOT_LISTED,,2026-02-20T14:57:58.268675+00:00,2026-02-20T16:11:39.403+00:00
13203,sh0828,"Iron Man - Mark 50 Armor, Large Helmet Visor",,6.14,,,,,,,,,true,7.14,6.78,5.36,,,,NOT_LISTED,,2026-02-20T14:57:48.608755+00:00,2026-02-20T16:44:51.261+00:00
25446,sh0215,Iron Skull,,3.93,,,,,,,,,false,,,,,,,NOT_LISTED,,2026-02-20T14:58:10.010988+00:00,2026-02-20T16:12:43.872+00:00
22041,pi069,"Islander, King, with Black Hair-Piece",,4.77,,,,,,,,,true,6.09,5.79,4.57,,,,NOT_LISTED,,2026-02-20T14:58:05.167188+00:00,2026-02-20T16:11:41.097+00:00
3808,pi070,"Islander, Male",,5.89,,,,,,,,,true,6.89,6.55,5.17,,,,NOT_LISTED,,2026-02-20T14:58:00.03361+00:00,2026-02-20T16:12:22.898+00:00
3807,pi070,"Islander, Male",,5.89,,,,,,,,,true,6.89,6.55,5.17,,,,NOT_LISTED,,2026-02-20T14:57:55.967925+00:00,2026-02-20T16:11:12.326+00:00
8490,mof006,Jack McHammer,,5.15,,,,,,,,,true,6.15,5.84,4.61,,,,NOT_LISTED,,2026-02-20T14:57:59.378449+00:00,2026-02-20T16:12:59.428+00:00
23875,sw0468,Jango Fett (Smile),,14.23,,,,,,,,,true,19.68,18.7,14.76,,,,NOT_LISTED,,2026-02-20T15:23:39.394633+00:00,2026-02-20T16:13:47.27+00:00
17195,sw0017,Jar Jar Binks,,4.7,,,,,,,,,false,,,,,,,NOT_LISTED,,2026-02-20T15:23:15.298542+00:00,2026-02-20T16:13:32.475+00:00
23852,sw0301,Jar Jar Binks (Printed Head),,5.25,,,,,,,,,false,,,,,,,NOT_LISTED,,2026-02-20T15:23:38.040188+00:00,2026-02-20T16:13:38.756+00:00
23834,sw0560,Jawa - Straps,,4.54,,,,,,,,,false,,,,,,,NOT_LISTED,,2026-02-20T15:23:37.320578+00:00,2026-02-20T16:13:14.413+00:00
11019,sw0896,Jawa - Straps with Black Stains,,5.31,,,,,,,,,true,6.31,5.99,4.73,,,,NOT_LISTED,,2026-02-20T15:22:27.777081+00:00,2026-02-20T16:12:08.496+00:00
17886,njo0310,Jungle Garmadon - The LEGO Ninjago Movie,,3.5,,,,,,,,,false,,,,,,,NOT_LISTED,,2026-02-20T15:22:25.722242+00:00,2026-02-20T16:11:25.583+00:00
13990,colhp35,"Kingsley Shacklebolt, Harry Potter, Series 2 (Minifigure Only without Stand and Accessories)",,3.97,,,,,,,,,false,,,,,,,NOT_LISTED,,2026-02-20T15:22:32.519399+00:00,2026-02-20T16:11:45.8+00:00
13454,cas037,Knights Kingdom I - Knight 1,,3.5,,,,,,,,,false,,,,,,,NOT_LISTED,,2026-02-20T14:57:47.256674+00:00,2026-02-20T16:43:43.205+00:00
13054,cas283,"Knights Kingdom II - Shadow Knight, Adventurer Head (Chess Pawn)",,3.6,,,,,,,,,true,4.88,4.64,3.66,,,,NOT_LISTED,,2026-02-20T14:57:59.778497+00:00,2026-02-20T16:12:04.308+00:00
17883,njo0291,Krux - Old,,50,,,,,,,,,true,51,48.45,38.25,,,,NOT_LISTED,,2026-02-20T15:22:25.191583+00:00,2026-02-20T16:12:15.495+00:00
24993,njo0674,"Lloyd - Young Lloyd, Legacy",,4.08,,,,,,,,,false,,,,,,,NOT_LISTED,,2026-02-20T14:58:15.551939+00:00,2026-02-20T16:13:27.489+00:00
24963,njo0519,Lloyd FS,,6.16,,,,,,,,,true,7.16,6.8,5.37,,,,NOT_LISTED,,2026-02-20T14:58:14.606399+00:00,2026-02-20T16:13:09.451+00:00
8509,mof013,Lord Vampyre,,4.4,,,,,,,,,true,5.4,5.13,4.05,,,,NOT_LISTED,,2026-02-20T14:57:59.504492+00:00,2026-02-20T16:11:39.948+00:00
16100,sw0907,"Luke Skywalker (Dagobah, Tan Tank Top, Backpack)",,6.85,,,,,,,,,true,7.85,7.46,5.89,,,,NOT_LISTED,,2026-02-20T15:22:32.780567+00:00,2026-02-20T16:11:48.848+00:00
11325,sw0991,"Luke Skywalker (Pilot, Printed Legs, Visor Up / Down)",,3.65,,,,,,,,,false,,,,,,,NOT_LISTED,,2026-02-20T14:58:23.402571+00:00,2026-02-20T16:13:44.468+00:00
22893,sw0991,"Luke Skywalker (Pilot, Printed Legs, Visor Up / Down)",,3.65,,,,,,,,,false,,,,,,,NOT_LISTED,,2026-02-20T15:23:34.002798+00:00,2026-02-20T16:13:13.803+00:00
3828,sw0021,Luke Skywalker (Tatooine),,5.19,,,,,,,,,true,6.19,5.88,4.64,,,,NOT_LISTED,,2026-02-20T14:57:53.036643+00:00,2026-02-20T16:11:03.472+00:00
9471,sw0566,Luke Skywalker (Tatooine) - 2014 version,,3.07,,,,,,,,,false,,,,,,,NOT_LISTED,,2026-02-20T14:58:24.767777+00:00,2026-02-20T16:13:10.723+00:00
17196,sw0068,Luke Skywalker with Black Right Hand (Final Duel II),,5.24,,,,,,,,,true,6.24,5.93,4.68,,,,NOT_LISTED,,2026-02-20T15:23:15.44425+00:00,2026-02-20T16:13:19.651+00:00
11006,sw0887,"Luke Skywalker, Old",,11.46,,,,,,,,,true,12.46,11.84,9.35,,,,NOT_LISTED,,2026-02-20T15:22:31.116653+00:00,2026-02-20T16:11:27.815+00:00
3819,sp033,M:Tron with Air Tanks,,3.45,,,,,,,,,false,,,,,,,NOT_LISTED,,2026-02-20T15:22:40.890537+00:00,2026-02-20T16:11:46.382+00:00
22247,sp033,M:Tron with Air Tanks,,3.45,,,,,,,,,false,,,,,,,NOT_LISTED,,2026-02-20T14:58:07.356955+00:00,2026-02-20T16:12:06.282+00:00
3820,sp033,M:Tron with Air Tanks,,3.45,,,,,,,,,false,,,,,,,NOT_LISTED,,2026-02-20T15:22:40.49473+00:00,2026-02-20T16:12:29.043+00:00
3793,cas019,Majisto Wizard,,5.9,,,,,,,,,false,,,,,,,NOT_LISTED,,2026-02-20T15:22:39.537201+00:00,2026-02-20T16:11:50.135+00:00
7098,twn102,Mannequin - Bride,,6.53,,,,,,,,,true,7.84,7.45,5.88,,,,NOT_LISTED,,2026-02-20T14:57:45.97001+00:00,2026-02-20T16:43:09.147+00:00
23895,sh0103,Mary Jane 5,,9.31,,,,,,,,,true,14.46,13.74,10.85,,,,NOT_LISTED,,2026-02-20T15:23:39.812253+00:00,2026-02-20T16:11:25.026+00:00
25698,tnt003,Michelangelo,,3.26,,,,,,,,,true,4.86,4.62,3.65,,,,NOT_LISTED,,2026-02-20T14:58:13.248828+00:00,2026-02-20T16:12:53.874+00:00
25412,tnt040,"Michelangelo, Frown (Movie Version)",,14.88,,,,,,,,,true,15.88,15.09,11.91,,,,NOT_LISTED,,2026-02-20T14:58:09.752274+00:00,2026-02-20T16:12:42.573+00:00
9156,85863pb101,Microfigure Batman,,4.15,,,,,,,,,true,5.96,5.66,4.47,,,,NOT_LISTED,,2026-02-20T15:22:20.865426+00:00,2026-02-20T16:12:25.115+00:00
11074,njo0412,Misako (Koko) (Lady Iron Dragon) - The LEGO Ninjago Movie,,6.18,,,,,,,,,true,7.18,6.82,5.39,,,,NOT_LISTED,,2026-02-20T15:22:31.687542+00:00,2026-02-20T16:12:10.365+00:00
7396,hp088,Molly Weasley - Medium Nougat Legs,,4.71,,,,,,,,,true,6.07,5.77,4.55,,,,NOT_LISTED,,2026-02-20T14:57:57.198843+00:00,2026-02-20T16:11:50.718+00:00
17853,njo0158,Morro - Possession,,12.81,,,,,,,,,true,13.81,13.12,10.36,,,,NOT_LISTED,,2026-02-20T15:23:23.553596+00:00,2026-02-20T16:13:25.122+00:00
9465,loc084,Mottrot,,5.75,,,,,,,,,true,6.75,6.41,5.06,,,,NOT_LISTED,,2026-02-20T15:22:27.124624+00:00,2026-02-20T16:11:22.681+00:00
8487,mof001,Mummy - Glow In Dark Pattern,,7.51,,,,,,,,,true,8.51,8.08,6.38,,,,NOT_LISTED,,2026-02-20T14:57:49.948643+00:00,2026-02-20T16:11:00.794+00:00
7506,pha011,Mummy Warrior 2,,3.05,,,,,,,,,false,,,,,,,NOT_LISTED,,2026-02-20T15:23:07.748701+00:00,2026-02-20T16:12:31.326+00:00
7451,col051,"Musketeer, Series 4 (Minifigure Only without Stand and Accessories)",,5.57,,,,,,,,,true,6.57,6.24,4.93,,,,NOT_LISTED,,2026-02-20T15:22:44.951192+00:00,2026-02-20T16:12:20.158+00:00
25576,sh0783,"Mysterio - Magenta Trim, Dark Azure Head, Satin Trans-Light Blue Helmet, Single Hole Cape",,4.66,,,,,,,,,true,5.66,5.38,4.25,,,,NOT_LISTED,,2026-02-20T14:58:11.970404+00:00,2026-02-20T16:12:11.497+00:00
9426,sim013,"Ned Flanders, The Simpsons, Series 1 (Minifigure Only without Stand and Accessories)",,3.36,,,,,,,,,false,,,,,,,NOT_LISTED,,2026-02-20T14:57:47.110692+00:00,2026-02-20T16:43:26.081+00:00
23201,sim018,"Nelson Muntz, The Simpsons, Series 1 (Minifigure Only without Stand and Accessories)",,3.58,,,,,,,,,false,,,,,,,NOT_LISTED,,2026-02-20T14:58:03.212249+00:00,2026-02-20T16:11:53.228+00:00
7955,hp129,"Neville Longbottom - Fair Isle Sweater, Black Legs",,3.23,,,,,,,,,false,,,,,,,NOT_LISTED,,2026-02-20T14:57:57.448671+00:00,2026-02-20T16:12:12.053+00:00
7202,col012,"Ninja, Series 1 (Minifigure Only without Stand and Accessories)",,3.95,,,,,,,,,true,5.36,5.09,4.02,,,,NOT_LISTED,,2026-02-20T15:22:46.40764+00:00,2026-02-20T16:12:30.187+00:00
23847,sh0051,Nova,,10.19,,,,,,,,,true,11.19,10.63,8.39,,,,NOT_LISTED,,2026-02-20T15:23:37.905671+00:00,2026-02-20T16:13:46.736+00:00
7201,col011,"Nurse, Series 1 (Minifigure Only without Stand and Accessories)",,3.9,,,,,,,,,true,5.88,5.59,4.41,,,,NOT_LISTED,,2026-02-20T15:22:44.821974+00:00,2026-02-20T16:13:07.63+00:00
7950,sw0336,"Obi-Wan Kenobi - Old, Light Nougat, Reddish Brown Hood and Cape, White Pupils",,6.9,,,,,,,,,true,7.9,7.51,5.93,,,,NOT_LISTED,,2026-02-20T15:22:30.852432+00:00,2026-02-20T16:12:27.909+00:00
11985,sw1220,"Obi-Wan Kenobi - Reddish Brown Robe, Dark Orange Mid-Length Tousled with Center Part Hair",,4.04,,,,,,,,,false,,,,,,,NOT_LISTED,,2026-02-20T15:22:28.034178+00:00,2026-02-20T16:12:16.619+00:00
22091,cas091,"Peasant - Light Gray Legs, Black Hood",,3.65,,,,,,,,,true,4.65,4.42,3.49,,,,NOT_LISTED,,2026-02-20T14:58:06.38371+00:00,2026-02-20T16:12:41.303+00:00
22083,cas093,"Peasant - Red Legs, Black Hood",,3.02,,,,,,,,,true,4.77,4.53,3.58,,,,NOT_LISTED,,2026-02-20T14:58:05.933481+00:00,2026-02-20T16:12:34.003+00:00
13899,dis015,"Peter Pan, Disney, Series 1 (Minifigure Only without Stand and Accessories)",,3.3,,,,,,,,,true,4.3,4.09,3.22,,,,NOT_LISTED,,2026-02-20T15:22:28.53253+00:00,2026-02-20T16:11:43.948+00:00
13950,dis015,"Peter Pan, Disney, Series 1 (Minifigure Only without Stand and Accessories)",,3.3,,,,,,,,,true,4.3,4.09,3.22,,,,NOT_LISTED,,2026-02-20T15:22:32.394838+00:00,2026-02-20T16:11:28.361+00:00
7329,col032,"Pharaoh, Series 2 (Minifigure Only without Stand and Accessories)",,4.92,,,,,,,,,true,5.92,5.62,4.44,,,,NOT_LISTED,,2026-02-20T15:22:29.232672+00:00,2026-02-20T16:12:17.167+00:00
14584,pi013,"Pirate Anchor Dark Purple Vest, Blue Legs, Red Bandana",,10,,,,,,,,,true,13.28,12.62,9.96,,,,NOT_LISTED,,2026-02-20T14:57:59.906578+00:00,2026-02-20T16:12:13.202+00:00
22033,pi146,"Pirate Blue Jacket, Black Leg with Peg Leg, Black Pirate Hat with Skull",,3.18,,,,,,,,,false,,,,,,,NOT_LISTED,,2026-02-20T14:58:04.165425+00:00,2026-02-20T16:12:24.002+00:00
3799,pi033,"Pirate Brown Shirt, Black Legs, Black Pirate Triangle Hat",,4.13,,,,,,,,,false,,,,,,,NOT_LISTED,,2026-02-20T15:22:28.802911+00:00,2026-02-20T16:11:47.568+00:00
15088,pi057,"Pirate Female, Black Legs, Red Bandana",,3.58,,,,,,,,,true,4.58,4.35,3.44,,,,NOT_LISTED,,2026-02-20T15:22:40.620946+00:00,2026-02-20T16:11:15.724+00:00
3804,pi047,"Pirate Green Vest, Black Legs, Black Bandana",,6.75,,,,,,,,,true,7.75,7.36,5.81,,,,NOT_LISTED,,2026-02-20T14:58:01.472964+00:00,2026-02-20T16:12:13.765+00:00
3805,pi052,"Pirate Green Vest, Blue Legs, Red Bandana",,4.68,,,,,,,,,true,5.68,5.4,4.26,,,,NOT_LISTED,,2026-02-20T15:22:28.967374+00:00,2026-02-20T16:12:09.223+00:00
3798,pi028,"Pirate Red / Black Stripes Shirt, Blue Legs, Blue Bandana",,3.33,,,,,,,,,false,,,,,,,NOT_LISTED,,2026-02-20T14:57:58.139771+00:00,2026-02-20T16:13:43.867+00:00
3796,pi022,"Pirate Shirt with Knife, Black Leg with Peg Leg, Black Pirate Hat with Skull",,6.29,,,,,,,,,true,7.29,6.93,5.47,,,,NOT_LISTED,,2026-02-20T14:57:58.014821+00:00,2026-02-20T16:11:30.612+00:00
16511,sw1019,"Poe Dameron (Pilot Jumpsuit without Belts and Pipe, Hair)",,4.5,,,,,,,,,true,5.5,5.23,4.13,,,,NOT_LISTED,,2026-02-20T14:58:25.557656+00:00,2026-02-20T16:13:36.991+00:00
23873,sh0104,Power Man,,6.58,,,,,,,,,true,7.58,7.2,5.69,,,,NOT_LISTED,,2026-02-20T15:23:39.129482+00:00,2026-02-20T16:13:34.132+00:00
25699,pm026,"Power Miner - Engineer, Light Bluish Gray Outfit, Metallic Silver Armor and Helmet",,3.75,,,,,,,,,false,,,,,,,NOT_LISTED,,2026-02-20T14:58:13.380042+00:00,2026-02-20T16:12:54.47+00:00
3829,sw0027,Qui-Gon Jinn (Yellow Head),,5.79,,,,,,,,,true,6.79,6.45,5.09,,,,NOT_LISTED,,2026-02-20T15:22:25.857071+00:00,2026-02-20T16:11:42.814+00:00
11888,col395,"Raccoon Costume Fan, Series 22 (Minifigure Only without Stand and Accessories)",,3.39,,,,,,,,,false,,,,,,,NOT_LISTED,,2026-02-20T14:58:22.704461+00:00,2026-02-20T16:13:10.086+00:00
22037,sw0819,Rebel Pilot A-wing (Jake Farrell),,9.35,,,,,,,,,true,10.35,9.83,7.76,,,,NOT_LISTED,,2026-02-20T14:58:04.44314+00:00,2026-02-20T16:11:19.187+00:00
16053,sw0784,Rebel Trooper (Lieutenant Sefla),,3.95,,,,,,,,,false,,,,,,,NOT_LISTED,,2026-02-20T15:22:32.648963+00:00,2026-02-20T16:12:38.667+00:00
3847,trn050,"Red & White Stripes - Blue Legs, Red Hat",,3.5,,,,,,,,,false,,,,,,,NOT_LISTED,,2026-02-20T15:22:20.740453+00:00,2026-02-20T16:12:14.899+00:00
24906,mk012,Red Son - Red Robe,,5.7,,,,,,,,,true,6.7,6.37,5.03,,,,NOT_LISTED,,2026-02-20T14:58:09.15655+00:00,2026-02-20T16:12:41.893+00:00
13156,col156,"Revolutionary Soldier, Series 10 (Minifigure Only without Stand and Accessories)",,4.87,,,,,,,,,true,7.14,6.78,5.36,,,,NOT_LISTED,,2026-02-20T14:57:45.60906+00:00,2026-02-20T16:45:43.3+00:00
11007,sw0888,Rey - Dark Tan Jacket,,3.2,,,,,,,,,false,,,,,,,NOT_LISTED,,2026-02-20T15:22:31.247574+00:00,2026-02-20T16:11:45.164+00:00
10660,sh0315,"Robin - Green Glasses, Smile / Scared Pattern",,3.63,,,,,,,,,false,,,,,,,NOT_LISTED,,2026-02-20T15:22:27.633761+00:00,2026-02-20T16:11:46.981+00:00
3821,sp035,RoboForce Yellow,,11.86,,,,,,,,,true,12.86,12.22,9.65,,,,NOT_LISTED,,2026-02-20T14:57:54.646685+00:00,2026-02-20T16:11:06.43+00:00
6685,pm004,Rock Monster - Glaciator (Trans-Dark Blue),,3.8,,,,,,,,,false,,,,,,,NOT_LISTED,,2026-02-20T15:22:42.532372+00:00,2026-02-20T16:12:19.592+00:00
16600,sh0569,"Rocket Raccoon - White Jumpsuit, Dark Bluish Gray Head",,5,,,,,,,,,true,6,5.7,4.5,,,,NOT_LISTED,,2026-02-20T14:57:49.2862+00:00,2026-02-20T16:10:59.517+00:00
8667,col136,"Roller Derby Girl, Series 9 (Minifigure Only without Stand and Accessories)",,3.49,,,,,,,,,true,4.94,4.69,3.71,,,,NOT_LISTED,,2026-02-20T14:58:25.686256+00:00,2026-02-20T16:13:40.456+00:00
7815,col067,"Royal Guard, Series 5 (Minifigure Only without Stand and Accessories)",,3.41,,,,,,,,,true,5.04,4.79,3.78,,,,NOT_LISTED,,2026-02-20T14:58:26.922271+00:00,2026-02-20T16:13:41.013+00:00
3794,cas064,"Royal Knights - Knight 3, Black Neck-Protector",,4.79,,,,,,,,,false,,,,,,,NOT_LISTED,,2026-02-20T15:22:28.665628+00:00,2026-02-20T16:12:36.782+00:00
23864,iaj017,Russian Guard 2,,3.08,,,,,,,,,false,,,,,,,NOT_LISTED,,2026-02-20T15:23:38.693785+00:00,2026-02-20T16:13:26.34+00:00
10516,sw0742,Sabine Wren - Bright Green and Dark Blue Hair,,4.08,,,,,,,,,true,7.54,7.16,5.66,,,,NOT_LISTED,,2026-02-20T14:58:24.083695+00:00,2026-02-20T16:13:36.432+00:00
10998,sw0881,Sandspeeder Gunner,,13.27,,,,,,,,,true,14.27,13.56,10.7,,,,NOT_LISTED,,2026-02-20T15:23:07.170385+00:00,2026-02-20T16:11:36.577+00:00
10997,sw0882,Sandspeeder Pilot,,17.1,,,,,,,,,true,18.1,17.2,13.58,,,,NOT_LISTED,,2026-02-20T15:23:06.99942+00:00,2026-02-20T16:11:23.853+00:00
25555,sw0894,"Sandtrooper (Sergeant) - White Pauldron, Ammo Pouch, Dirt Stains, Survival Backpack",,22.21,,,,,,,,,true,23.78,22.59,17.84,,,,NOT_LISTED,,2026-02-20T14:58:10.837048+00:00,2026-02-20T16:12:45.873+00:00
23940,sw0680,Santa C-3PO,,3.93,,,,,,,,,false,,,,,,,NOT_LISTED,,2026-02-20T15:23:40.496669+00:00,2026-02-20T16:13:15.65+00:00
15932,sw0680,Santa C-3PO,,3.93,,,,,,,,,false,,,,,,,NOT_LISTED,,2026-02-20T15:22:24.775775+00:00,2026-02-20T16:11:55.516+00:00
22077,cas163a,"Scale Mail - Red with Black Arms, Red Legs with Black Hips, Dark Gray Neck-Protector, Quiver",,4.57,,,,,,,,,true,5.57,5.29,4.18,,,,NOT_LISTED,,2026-02-20T14:58:05.669426+00:00,2026-02-20T16:12:14.304+00:00
22073,cas145,"Scale Mail - Red with Blue Arms, White Legs with Black Hips, Black Chin-Guard",,4.41,,,,,,,,,true,5.41,5.14,4.06,,,,NOT_LISTED,,2026-02-20T14:58:05.40288+00:00,2026-02-20T16:11:53.774+00:00
10696,sh0332,"Scarecrow, Pizza Delivery Outfit",,3.54,,,,,,,,,false,,,,,,,NOT_LISTED,,2026-02-20T14:58:27.186874+00:00,2026-02-20T16:13:11.998+00:00
9106,col164,"Scarecrow, Series 11 (Minifigure Only without Stand and Accessories)",,4.91,,,,,,,,,true,5.95,5.65,4.46,,,,NOT_LISTED,,2026-02-20T14:58:22.331636+00:00,2026-02-20T16:13:35.861+00:00
3843,ww021,Sheriff (Wild Wyatt West / Duke),,3.63,,,,,,,,,false,,,,,,,NOT_LISTED,,2026-02-20T14:57:55.320256+00:00,2026-02-20T16:11:09.444+00:00
3842,ww021,Sheriff (Wild Wyatt West / Duke),,3.63,,,,,,,,,false,,,,,,,NOT_LISTED,,2026-02-20T14:57:55.183193+00:00,2026-02-20T16:11:08.855+00:00
17882,njo0040,Skales,,9,,,,,,,,,true,13.39,12.72,10.04,,,,NOT_LISTED,,2026-02-20T15:22:25.038281+00:00,2026-02-20T16:11:58.909+00:00
9472,sw0568,"Snowtrooper, Light Bluish Gray Hips, Light Bluish Gray Hands, White Kama",,4.26,,,,,,,,,false,,,,,,,NOT_LISTED,,2026-02-20T14:58:27.052213+00:00,2026-02-20T16:13:03.863+00:00
9473,sw0568,"Snowtrooper, Light Bluish Gray Hips, Light Bluish Gray Hands, White Kama",,4.26,,,,,,,,,false,,,,,,,NOT_LISTED,,2026-02-20T14:57:53.294129+00:00,2026-02-20T16:11:04.619+00:00
22904,sw1103,"Snowtrooper, Printed Legs, Dark Tan Hands, Cheek Lines, Frown",,4.02,,,,,,,,,false,,,,,,,NOT_LISTED,,2026-02-20T15:23:34.398695+00:00,2026-02-20T16:13:33.056+00:00
11748,col383,"Space Police Guy, Series 21 (Minifigure Only without Stand and Accessories)",,3.95,,,,,,,,,false,,,,,,,NOT_LISTED,,2026-02-20T15:22:29.939331+00:00,2026-02-20T16:12:37.337+00:00
23898,sw0503,Special Forces Commander,,5.07,,,,,,,,,true,7.56,7.18,5.67,,,,NOT_LISTED,,2026-02-20T15:23:39.934114+00:00,2026-02-20T16:13:26.911+00:00
10009,col217,"Specter, Series 14 (Minifigure Only without Stand and Accessories)",,4.51,,,,,,,,,true,5.51,5.23,4.13,,,,NOT_LISTED,,2026-02-20T15:22:29.68643+00:00,2026-02-20T16:11:27.247+00:00
11790,njo0675,Statue - NINJAGO City Gardens,,3.13,,,,,,,,,false,,,,,,,NOT_LISTED,,2026-02-20T14:57:51.779652+00:00,2026-02-20T16:11:01.616+00:00
24965,njo0675,Statue - NINJAGO City Gardens,,3.13,,,,,,,,,false,,,,,,,NOT_LISTED,,2026-02-20T14:58:14.88887+00:00,2026-02-20T16:13:21.386+00:00
8069,sh0003,Superman,,3.74,,,,,,,,,false,,,,,,,NOT_LISTED,,2026-02-20T14:57:52.488884+00:00,2026-02-20T16:11:02.822+00:00
9674,sh0156,"Superman - Blue Suit, Dual Sided Head with Red Eyes on Reverse, Spongy Soft Knit Cape",,3,,,,,,,,,true,4.5,4.27,3.38,,,,NOT_LISTED,,2026-02-20T14:58:01.177408+00:00,2026-02-20T16:11:52.601+00:00
24888,sh0300,"Superman - Red Eyes on Reverse, Spongy Soft Knit Cape",,3.7,,,,,,,,,false,,,,,,,NOT_LISTED,,2026-02-20T14:58:08.352427+00:00,2026-02-20T16:12:34.552+00:00
24893,sh0300,"Superman - Red Eyes on Reverse, Spongy Soft Knit Cape",,3.7,,,,,,,,,false,,,,,,,NOT_LISTED,,2026-02-20T14:58:08.604211+00:00,2026-02-20T16:11:33.482+00:00
11549,sw1072,Supreme Leader Kylo Ren,,12.25,,,,,,,,,true,13.25,12.59,9.94,,,,NOT_LISTED,,2026-02-20T14:58:19.663643+00:00,2026-02-20T16:13:01.239+00:00
24964,mk102,Taishang Laojun,,11.01,,,,,,,,,false,,,,,,,NOT_LISTED,,2026-02-20T14:58:14.752377+00:00,2026-02-20T16:13:16.258+00:00
13550,tech001,"Technic Figure Black/Light Gray Legs, Dark Turquoise Torso with Yellow, Black, Silver Pattern, Light Gray Mechanical Left Arm",,3.96,,,,,,,,,false,,,,,,,NOT_LISTED,,2026-02-20T15:22:26.854315+00:00,2026-02-20T16:12:16.088+00:00
20331,tech007,"Technic Figure Cyber Person, Black Legs, Mechanical Arms, Yellow Head, Cyborg Eyepiece",,4.31,,,,,,,,,false,,,,,,,NOT_LISTED,,2026-02-20T15:22:20.156389+00:00,2026-02-20T16:12:06.981+00:00
12803,tech013a,"Technic Figure Dark Turquoise Legs, Dark Turquoise Torso with Yellow, Black, Silver Pattern, Black Arms, Dark Turquoise Helmet, Black Visor",,4.92,,,,,,,,,true,5.92,5.62,4.44,,,,NOT_LISTED,,2026-02-20T15:23:12.247817+00:00,2026-02-20T16:13:12.621+00:00
11530,sw1047,Temmin 'Snap' Wexley - Medium Nougat Lines Under Eyes and Chin,,3.97,,,,,,,,,false,,,,,,,NOT_LISTED,,2026-02-20T15:22:32.101759+00:00,2026-02-20T16:12:28.501+00:00
11532,sw1047,Temmin 'Snap' Wexley - Medium Nougat Lines Under Eyes and Chin,,3.97,,,,,,,,,false,,,,,,,NOT_LISTED,,2026-02-20T14:58:25.281988+00:00,2026-02-20T16:13:28.027+00:00
11531,sw1047,Temmin 'Snap' Wexley - Medium Nougat Lines Under Eyes and Chin,,3.97,,,,,,,,,false,,,,,,,NOT_LISTED,,2026-02-20T15:22:27.90657+00:00,2026-02-20T16:13:05.029+00:00
8552,col126,"Thespian / Actor, Series 8 (Minifigure Only without Stand and Accessories)",,7.83,,,,,,,,,true,9.82,9.33,7.37,,,,NOT_LISTED,,2026-02-20T14:58:22.45938+00:00,2026-02-20T16:13:39.897+00:00
25575,ow001,Tracer (Lena Oxton),,4.87,,,,,,,,,true,5.87,5.58,4.4,,,,NOT_LISTED,,2026-02-20T14:58:11.843271+00:00,2026-02-20T16:12:50.744+00:00
10221,col232,"Tribal Woman, Series 15 (Minifigure Only without Stand and Accessories)",,3.57,,,,,,,,,true,4.63,4.4,3.47,,,,NOT_LISTED,,2026-02-20T15:22:28.159966+00:00,2026-02-20T16:12:26.827+00:00
3950,sw0052,Tusken Raider,,3.06,,,,,,,,,false,,,,,,,NOT_LISTED,,2026-02-20T15:22:26.97898+00:00,2026-02-20T16:12:26.235+00:00
3822,sp046,UFO Zotaxian Alien - Red Pilot with Armor and Printed Helmet (Chamon),,5.97,,,,,,,,,true,6.97,6.62,5.23,,,,NOT_LISTED,,2026-02-20T14:57:58.39032+00:00,2026-02-20T16:11:51.276+00:00
13159,coltlbm34,"Vacation Alfred Pennyworth, The LEGO Batman Movie, Series 2 (Minifigure Only without Stand and Accessories)",,3.21,,,,,,,,,false,,,,,,,NOT_LISTED,,2026-02-20T14:58:26.665134+00:00,2026-02-20T16:13:31.863+00:00
9917,jw006,Vet - Bowl Haircut,,3.02,,,,,,,,,false,,,,,,,NOT_LISTED,,2026-02-20T14:58:26.119886+00:00,2026-02-20T16:13:17.944+00:00
5907,vik014,Viking Warrior 4a,,4.41,,,,,,,,,true,6.35,6.03,4.76,,,,NOT_LISTED,,2026-02-20T14:57:59.091812+00:00,2026-02-20T16:11:18.618+00:00
10635,cty0690,"Volcano Explorer - Male Scientist with Heatsuit, Sweat Drops",,3.36,,,,,,,,,true,5.02,4.77,3.76,,,,NOT_LISTED,,2026-02-20T15:22:27.505312+00:00,2026-02-20T16:12:36.211+00:00
25556,ow002,Widowmaker (Am√©lie Lacroix),,4.67,,,,,,,,,true,5.67,5.39,4.25,,,,NOT_LISTED,,2026-02-20T14:58:10.990836+00:00,2026-02-20T16:12:46.509+00:00
23884,sh0257,Winter Soldier - Black Hands and Holster,,6.83,,,,,,,,,true,7.83,7.44,5.87,,,,NOT_LISTED,,2026-02-20T15:23:39.677125+00:00,2026-02-20T16:13:42.638+00:00
24994,njo0869,"Wolf Mask Claw Warrior - Dark Blue and Dark Azure Mask, Neck Bracket",,3.02,,,,,,,,,false,,,,,,,NOT_LISTED,,2026-02-20T14:58:15.681755+00:00,2026-02-20T16:13:30.228+00:00
13658,cas255,"Wolfpack - Eye Patch, Brown Arms and Black Legs, Black Hood, no Cape",,6.93,,,,,,,,,true,7.93,7.53,5.95,,,,NOT_LISTED,,2026-02-20T15:22:39.6845+00:00,2026-02-20T16:11:59.45+00:00
25558,sw0893,Wuher,,3.04,,,,,,,,,false,,,,,,,NOT_LISTED,,2026-02-20T14:58:11.120343+00:00,2026-02-20T16:12:47.166+00:00
20445,sw0051,Yoda - Sand Green,,6.55,,,,,,,,,true,9.38,8.91,7.04,,,,NOT_LISTED,,2026-02-20T15:23:20.463094+00:00,2026-02-20T16:13:24.428+00:00
25428,njo0189,Zane - Skybound,,9.79,,,,,,,,,true,10.79,10.25,8.09,,,,NOT_LISTED,,2026-02-20T14:58:09.882367+00:00,2026-02-20T16:12:43.179+00:00
25720,njo0001,Zane - The Golden Weapons,,6.22,,,,,,,,,true,7.22,6.86,5.42,,,,NOT_LISTED,,2026-02-20T14:58:14.034774+00:00,2026-02-20T16:12:57.481+00:00
25447,njo0285,"Zane - The Hands of Time, Black Armor",,3.72,,,,,,,,,false,,,,,,,NOT_LISTED,,2026-02-20T14:58:10.151483+00:00,2026-02-20T16:12:44.501+00:00
25001,njo0622,Zane Hero,,3.92,,,,,,,,,false,,,,,,,NOT_LISTED,,2026-02-20T14:58:15.810665+00:00,2026-02-20T16:13:35.289+00:00
25574,jw031,Zia Rodriguez - Olive Green Jacket,,3.86,,,,,,,,,false,,,,,,,NOT_LISTED,,2026-02-20T14:58:11.715781+00:00,2026-02-20T16:12:50.034+00:00
25705,col212,"Zombie Pirate, Series 14 (Minifigure Only without Stand and Accessories)",,3.71,,,,,,,,,false,,,,,,,NOT_LISTED,,2026-02-20T14:58:13.773337+00:00,2026-02-20T16:12:56.318+00:00
13933,col227,Zombie Skateboarder,,4.05,,,,,,,,,true,5.05,4.8,3.79,,,,NOT_LISTED,,2026-02-20T15:22:30.471147+00:00,2026-02-20T16:12:09.826+00:00